label_level_1,label_level_2,label_level_3,label_level_4,label_level_5,label_level_1_encoded,label_level_2_encoded,label_level_3_encoded,label_level_4_encoded,label_level_5_encoded
A,1,11,111,1111,0,0,0,0,0
A,1,11,111,1112,0,0,0,0,1
A,1,11,111,1113,0,0,0,0,2
A,1,11,111,1114,0,0,0,0,3
A,1,11,111,1115,0,0,0,0,4
A,1,11,111,1116,0,0,0,0,5
A,1,11,111,1117,0,0,0,0,6
A,1,11,111,1118,0,0,0,0,7
A,1,11,111,1119,0,0,0,0,8
A,1,11,112,1121,0,0,0,1,9
A,1,11,112,1122,0,0,0,1,10
A,1,11,113,1131,0,0,0,2,11
A,1,11,113,1132,0,0,0,2,12
A,1,11,113,1133,0,0,0,2,13
A,1,11,113,1134,0,0,0,2,14
A,1,11,113,1135,0,0,0,2,15
A,1,11,113,1136,0,0,0,2,16
A,1,11,113,1137,0,0,0,2,17
A,1,11,113,1139,0,0,0,2,18
A,1,11,114,1140,0,0,0,3,19
A,1,11,115,1150,0,0,0,4,20
A,1,11,116,1160,0,0,0,5,21
A,1,11,119,1191,0,0,0,6,22
A,1,11,119,1192,0,0,0,6,23
A,1,11,119,1193,0,0,0,6,24
A,1,11,119,1194,0,0,0,6,25
A,1,11,119,1199,0,0,0,6,26
A,1,12,121,1210,0,0,1,7,27
A,1,12,122,1220,0,0,1,8,28
A,1,12,123,1230,0,0,1,9,29
A,1,12,124,1240,0,0,1,10,30
A,1,12,125,1251,0,0,1,11,31
A,1,12,125,1252,0,0,1,11,32
A,1,12,125,1253,0,0,1,11,33
A,1,12,125,1259,0,0,1,11,34
A,1,12,126,1261,0,0,1,12,35
A,1,12,126,1262,0,0,1,12,36
A,1,12,126,1269,0,0,1,12,37
A,1,12,127,1270,0,0,1,13,38
A,1,12,128,1281,0,0,1,14,39
A,1,12,128,1282,0,0,1,14,40
A,1,12,128,1283,0,0,1,14,41
A,1,12,128,1284,0,0,1,14,42
A,1,12,128,1285,0,0,1,14,43
A,1,12,128,1286,0,0,1,14,44
A,1,12,128,1287,0,0,1,14,45
A,1,12,128,1289,0,0,1,14,46
A,1,12,129,1291,0,0,1,15,47
A,1,12,129,1299,0,0,1,15,48
A,1,13,130,1301,0,0,2,16,49
A,1,13,130,1302,0,0,2,16,50
A,1,14,141,1411,0,0,3,17,51
A,1,14,141,1412,0,0,3,17,52
A,1,14,141,1413,0,0,3,17,53
A,1,14,141,1414,0,0,3,17,54
A,1,14,142,1420,0,0,3,18,55
A,1,14,143,1430,0,0,3,19,56
A,1,14,144,1441,0,0,3,20,57
A,1,14,144,1442,0,0,3,20,58
A,1,14,144,1443,0,0,3,20,59
A,1,14,144,1444,0,0,3,20,60
A,1,14,144,1445,0,0,3,20,61
A,1,14,145,1450,0,0,3,21,62
A,1,14,146,1461,0,0,3,22,63
A,1,14,146,1462,0,0,3,22,64
A,1,14,146,1463,0,0,3,22,65
A,1,14,146,1464,0,0,3,22,66
A,1,14,146,1465,0,0,3,22,67
A,1,14,146,1466,0,0,3,22,68
A,1,14,146,1467,0,0,3,22,69
A,1,14,146,1468,0,0,3,22,70
A,1,14,146,1469,0,0,3,22,71
A,1,14,149,1491,0,0,3,23,72
A,1,14,149,1492,0,0,3,23,73
A,1,14,149,1493,0,0,3,23,74
A,1,14,149,1494,0,0,3,23,75
A,1,14,149,1495,0,0,3,23,76
A,1,14,149,1496,0,0,3,23,77
A,1,14,149,1497,0,0,3,23,78
A,1,14,149,1499,0,0,3,23,79
A,1,16,161,1611,0,0,4,24,80
A,1,16,161,1612,0,0,4,24,81
A,1,16,161,1613,0,0,4,24,82
A,1,16,161,1614,0,0,4,24,83
A,1,16,161,1619,0,0,4,24,84
A,1,16,162,1621,0,0,4,25,85
A,1,16,162,1622,0,0,4,25,86
A,1,16,162,1623,0,0,4,25,87
A,1,16,162,1629,0,0,4,25,88
A,1,16,163,1630,0,0,4,26,89
A,1,16,164,1640,0,0,4,27,90
A,1,17,171,1711,0,0,5,28,91
A,1,17,171,1712,0,0,5,28,92
A,1,17,171,1713,0,0,5,28,93
A,1,17,171,1714,0,0,5,28,94
A,1,17,171,1715,0,0,5,28,95
A,1,17,171,1719,0,0,5,28,96
A,1,17,172,1721,0,0,5,29,97
A,1,17,172,1722,0,0,5,29,98
A,1,17,172,1723,0,0,5,29,99
A,1,17,172,1724,0,0,5,29,100
A,1,17,172,1725,0,0,5,29,101
A,1,17,172,1726,0,0,5,29,102
A,1,17,172,1727,0,0,5,29,103
A,1,17,172,1729,0,0,5,29,104
A,2,21,211,2111,0,1,6,30,105
A,2,21,211,2112,0,1,6,30,106
A,2,21,211,2113,0,1,6,30,107
A,2,21,211,2119,0,1,6,30,108
A,2,21,212,2121,0,1,6,31,109
A,2,21,212,2122,0,1,6,31,110
A,2,21,213,2130,0,1,6,32,111
A,2,21,214,2140,0,1,6,33,112
A,2,22,220,2201,0,1,7,34,113
A,2,22,220,2202,0,1,7,34,114
A,2,22,220,2209,0,1,7,34,115
A,2,23,230,2301,0,1,8,35,116
A,2,23,230,2302,0,1,8,35,117
A,2,23,230,2303,0,1,8,35,118
A,2,23,230,2304,0,1,8,35,119
A,2,23,230,2305,0,1,8,35,120
A,2,23,230,2306,0,1,8,35,121
A,2,23,230,2307,0,1,8,35,122
A,2,23,230,2308,0,1,8,35,123
A,2,23,230,2309,0,1,8,35,124
A,2,24,240,2401,0,1,9,36,125
A,2,24,240,2402,0,1,9,36,126
A,2,24,240,2403,0,1,9,36,127
A,2,24,240,2404,0,1,9,36,128
A,2,24,240,2409,0,1,9,36,129
A,3,31,311,3111,0,2,10,37,130
A,3,31,311,3112,0,2,10,37,131
A,3,31,311,3113,0,2,10,37,132
A,3,31,311,3114,0,2,10,37,133
A,3,31,311,3115,0,2,10,37,134
A,3,31,311,3116,0,2,10,37,135
A,3,31,311,3117,0,2,10,37,136
A,3,31,311,3118,0,2,10,37,137
A,3,31,311,3119,0,2,10,37,138
A,3,31,312,3121,0,2,10,38,139
A,3,31,312,3122,0,2,10,38,140
A,3,31,312,3123,0,2,10,38,141
A,3,31,312,3124,0,2,10,38,142
A,3,31,312,3125,0,2,10,38,143
A,3,31,312,3126,0,2,10,38,144
A,3,31,312,3129,0,2,10,38,145
A,3,31,313,3131,0,2,10,39,146
A,3,31,313,3132,0,2,10,39,147
A,3,31,313,3133,0,2,10,39,148
A,3,31,314,3141,0,2,10,40,149
A,3,31,314,3142,0,2,10,40,150
A,3,31,314,3143,0,2,10,40,151
A,3,31,315,3151,0,2,10,41,152
A,3,31,315,3152,0,2,10,41,153
A,3,31,315,3153,0,2,10,41,154
A,3,31,315,3154,0,2,10,41,155
A,3,31,315,3155,0,2,10,41,156
A,3,31,315,3156,0,2,10,41,157
A,3,31,315,3157,0,2,10,41,158
A,3,31,315,3158,0,2,10,41,159
A,3,31,315,3159,0,2,10,41,160
A,3,32,321,3211,0,2,11,42,161
A,3,32,321,3212,0,2,11,42,162
A,3,32,321,3213,0,2,11,42,163
A,3,32,321,3214,0,2,11,42,164
A,3,32,321,3215,0,2,11,42,165
A,3,32,321,3216,0,2,11,42,166
A,3,32,321,3217,0,2,11,42,167
A,3,32,321,3219,0,2,11,42,168
A,3,32,322,3221,0,2,11,43,169
A,3,32,322,3222,0,2,11,43,170
A,3,32,322,3223,0,2,11,43,171
A,3,32,322,3224,0,2,11,43,172
A,3,32,322,3225,0,2,11,43,173
A,3,32,322,3226,0,2,11,43,174
A,3,32,322,3227,0,2,11,43,175
A,3,32,322,3229,0,2,11,43,176
A,3,32,323,3231,0,2,11,44,177
A,3,32,323,3232,0,2,11,44,178
A,3,32,323,3233,0,2,11,44,179
A,3,32,324,3241,0,2,11,45,180
A,3,32,324,3242,0,2,11,45,181
A,3,32,324,3243,0,2,11,45,182
A,3,32,325,3251,0,2,11,46,183
A,3,32,325,3252,0,2,11,46,184
A,3,32,325,3253,0,2,11,46,185
A,3,32,325,3254,0,2,11,46,186
A,3,32,325,3255,0,2,11,46,187
A,3,32,325,3259,0,2,11,46,188
A,3,32,326,3261,0,2,11,47,189
A,3,32,326,3262,0,2,11,47,190
A,3,32,326,3263,0,2,11,47,191
A,3,32,327,3271,0,2,11,48,192
A,3,32,327,3272,0,2,11,48,193
A,3,32,327,3273,0,2,11,48,194
A,3,32,327,3274,0,2,11,48,195
A,3,32,327,3275,0,2,11,48,196
A,3,32,327,3276,0,2,11,48,197
A,3,32,327,3277,0,2,11,48,198
A,3,32,327,3278,0,2,11,48,199
A,3,32,327,3279,0,2,11,48,200
B,5,51,510,5100,1,3,12,49,201
B,5,52,520,5200,1,3,13,50,202
B,6,61,610,6100,1,4,14,51,203
B,6,62,620,6201,1,4,15,52,204
B,6,62,620,6202,1,4,15,52,205
B,7,71,710,7101,1,5,16,53,206
B,7,71,710,7102,1,5,16,53,207
B,7,72,721,7210,1,5,17,54,208
B,7,72,729,7291,1,5,17,55,209
B,7,72,729,7292,1,5,17,55,210
B,7,72,729,7293,1,5,17,55,211
B,7,72,729,7294,1,5,17,55,212
B,7,72,729,7295,1,5,17,55,213
B,7,72,729,7296,1,5,17,55,214
B,7,72,729,7299,1,5,17,55,215
B,7,73,730,7301,1,5,18,56,216
B,7,73,730,7309,1,5,18,56,217
B,8,81,810,8101,1,6,19,57,218
B,8,81,810,8102,1,6,19,57,219
B,8,81,810,8103,1,6,19,57,220
B,8,81,810,8104,1,6,19,57,221
B,8,81,810,8105,1,6,19,57,222
B,8,81,810,8106,1,6,19,57,223
B,8,81,810,8107,1,6,19,57,224
B,8,81,810,8108,1,6,19,57,225
B,8,81,810,8109,1,6,19,57,226
B,8,89,891,8911,1,6,20,58,227
B,8,89,891,8912,1,6,20,58,228
B,8,89,891,8913,1,6,20,58,229
B,8,89,891,8914,1,6,20,58,230
B,8,89,891,8915,1,6,20,58,231
B,8,89,891,8919,1,6,20,58,232
B,8,89,892,8920,1,6,20,59,233
B,8,89,893,8930,1,6,20,60,234
B,8,89,899,8991,1,6,20,61,235
B,8,89,899,8992,1,6,20,61,236
B,8,89,899,8993,1,6,20,61,237
B,8,89,899,8994,1,6,20,61,238
B,8,89,899,8995,1,6,20,61,239
B,8,89,899,8999,1,6,20,61,240
B,9,91,910,9100,1,7,21,62,241
B,9,99,990,9900,1,7,22,63,242
C,10,101,1011,10110,2,8,23,64,243
C,10,101,1012,10120,2,8,23,65,244
C,10,101,1013,10130,2,8,23,66,245
C,10,102,1021,10211,2,8,24,67,246
C,10,102,1021,10212,2,8,24,67,247
C,10,102,1021,10213,2,8,24,67,248
C,10,102,1021,10214,2,8,24,67,249
C,10,102,1021,10215,2,8,24,67,250
C,10,102,1021,10216,2,8,24,67,251
C,10,102,1021,10217,2,8,24,67,252
C,10,102,1021,10219,2,8,24,67,253
C,10,102,1022,10221,2,8,24,68,254
C,10,102,1022,10222,2,8,24,68,255
C,10,102,1029,10291,2,8,24,69,256
C,10,102,1029,10292,2,8,24,69,257
C,10,102,1029,10293,2,8,24,69,258
C,10,102,1029,10294,2,8,24,69,259
C,10,102,1029,10295,2,8,24,69,260
C,10,102,1029,10296,2,8,24,69,261
C,10,102,1029,10297,2,8,24,69,262
C,10,102,1029,10298,2,8,24,69,263
C,10,102,1029,10299,2,8,24,69,264
C,10,103,1031,10311,2,8,25,70,265
C,10,103,1031,10312,2,8,25,70,266
C,10,103,1031,10313,2,8,25,70,267
C,10,103,1031,10314,2,8,25,70,268
C,10,103,1032,10320,2,8,25,71,269
C,10,103,1033,10330,2,8,25,72,270
C,10,103,1039,10391,2,8,25,73,271
C,10,103,1039,10392,2,8,25,73,272
C,10,103,1039,10393,2,8,25,73,273
C,10,103,1039,10399,2,8,25,73,274
C,10,104,1041,10411,2,8,26,74,275
C,10,104,1041,10412,2,8,26,74,276
C,10,104,1041,10413,2,8,26,74,277
C,10,104,1041,10414,2,8,26,74,278
C,10,104,1041,10415,2,8,26,74,279
C,10,104,1042,10421,2,8,26,75,280
C,10,104,1042,10422,2,8,26,75,281
C,10,104,1042,10423,2,8,26,75,282
C,10,104,1042,10424,2,8,26,75,283
C,10,104,1043,10431,2,8,26,76,284
C,10,104,1043,10432,2,8,26,76,285
C,10,104,1043,10433,2,8,26,76,286
C,10,104,1043,10434,2,8,26,76,287
C,10,104,1043,10435,2,8,26,76,288
C,10,104,1043,10436,2,8,26,76,289
C,10,104,1043,10437,2,8,26,76,290
C,10,104,1049,10490,2,8,26,77,291
C,10,105,1051,10510,2,8,27,78,292
C,10,105,1052,10520,2,8,27,79,293
C,10,105,1053,10531,2,8,27,80,294
C,10,105,1053,10532,2,8,27,80,295
C,10,105,1059,10590,2,8,27,81,296
C,10,106,1061,10611,2,8,28,82,297
C,10,106,1061,10612,2,8,28,82,298
C,10,106,1061,10613,2,8,28,82,299
C,10,106,1061,10614,2,8,28,82,300
C,10,106,1061,10615,2,8,28,82,301
C,10,106,1061,10616,2,8,28,82,302
C,10,106,1062,10621,2,8,28,83,303
C,10,106,1062,10622,2,8,28,83,304
C,10,106,1062,10623,2,8,28,83,305
C,10,106,1062,10629,2,8,28,83,306
C,10,106,1063,10631,2,8,28,84,307
C,10,106,1063,10632,2,8,28,84,308
C,10,106,1063,10633,2,8,28,84,309
C,10,106,1063,10634,2,8,28,84,310
C,10,106,1063,10635,2,8,28,84,311
C,10,106,1063,10636,2,8,28,84,312
C,10,107,1071,10710,2,8,29,85,313
C,10,107,1072,10721,2,8,29,86,314
C,10,107,1072,10722,2,8,29,86,315
C,10,107,1072,10723,2,8,29,86,316
C,10,107,1072,10729,2,8,29,86,317
C,10,107,1073,10731,2,8,29,87,318
C,10,107,1073,10732,2,8,29,87,319
C,10,107,1073,10733,2,8,29,87,320
C,10,107,1073,10734,2,8,29,87,321
C,10,107,1073,10739,2,8,29,87,322
C,10,107,1074,10740,2,8,29,88,323
C,10,107,1075,10750,2,8,29,89,324
C,10,107,1076,10761,2,8,29,90,325
C,10,107,1076,10762,2,8,29,90,326
C,10,107,1076,10763,2,8,29,90,327
C,10,107,1077,10771,2,8,29,91,328
C,10,107,1077,10772,2,8,29,91,329
C,10,107,1077,10773,2,8,29,91,330
C,10,107,1077,10774,2,8,29,91,331
C,10,107,1077,10779,2,8,29,91,332
C,10,107,1079,10791,2,8,29,92,333
C,10,107,1079,10792,2,8,29,92,334
C,10,107,1079,10793,2,8,29,92,335
C,10,107,1079,10794,2,8,29,92,336
C,10,107,1079,10795,2,8,29,92,337
C,10,107,1079,10796,2,8,29,92,338
C,10,107,1079,10799,2,8,29,92,339
C,10,108,1080,10801,2,8,30,93,340
C,10,108,1080,10802,2,8,30,93,341
C,11,110,1101,11010,2,9,31,94,342
C,11,110,1102,11020,2,9,31,95,343
C,11,110,1103,11031,2,9,31,96,344
C,11,110,1103,11032,2,9,31,96,345
C,11,110,1104,11040,2,9,31,97,346
C,11,110,1105,11051,2,9,31,98,347
C,11,110,1105,11052,2,9,31,98,348
C,11,110,1109,11090,2,9,31,99,349
C,12,120,1201,12011,2,10,32,100,350
C,12,120,1201,12012,2,10,32,100,351
C,12,120,1201,12013,2,10,32,100,352
C,12,120,1201,12019,2,10,32,100,353
C,12,120,1209,12091,2,10,32,101,354
C,12,120,1209,12099,2,10,32,101,355
C,13,131,1311,13111,2,11,33,102,356
C,13,131,1311,13112,2,11,33,102,357
C,13,131,1311,13113,2,11,33,102,358
C,13,131,1312,13121,2,11,33,103,359
C,13,131,1312,13122,2,11,33,103,360
C,13,131,1312,13123,2,11,33,103,361
C,13,131,1313,13131,2,11,33,104,362
C,13,131,1313,13132,2,11,33,104,363
C,13,131,1313,13133,2,11,33,104,364
C,13,131,1313,13134,2,11,33,104,365
C,13,139,1391,13911,2,11,34,105,366
C,13,139,1391,13912,2,11,34,105,367
C,13,139,1391,13913,2,11,34,105,368
C,13,139,1392,13921,2,11,34,106,369
C,13,139,1392,13922,2,11,34,106,370
C,13,139,1392,13923,2,11,34,106,371
C,13,139,1392,13924,2,11,34,106,372
C,13,139,1392,13925,2,11,34,106,373
C,13,139,1392,13926,2,11,34,106,374
C,13,139,1392,13929,2,11,34,106,375
C,13,139,1393,13930,2,11,34,107,376
C,13,139,1394,13941,2,11,34,108,377
C,13,139,1394,13942,2,11,34,108,378
C,13,139,1399,13991,2,11,34,109,379
C,13,139,1399,13992,2,11,34,109,380
C,13,139,1399,13993,2,11,34,109,381
C,13,139,1399,13994,2,11,34,109,382
C,13,139,1399,13995,2,11,34,109,383
C,13,139,1399,13996,2,11,34,109,384
C,13,139,1399,13999,2,11,34,109,385
C,14,141,1411,14111,2,12,35,110,386
C,14,141,1411,14112,2,12,35,110,387
C,14,141,1412,14120,2,12,35,111,388
C,14,141,1413,14131,2,12,35,112,389
C,14,141,1413,14132,2,12,35,112,390
C,14,142,1420,14200,2,12,36,113,391
C,14,143,1430,14301,2,12,37,114,392
C,14,143,1430,14302,2,12,37,114,393
C,14,143,1430,14303,2,12,37,114,394
C,15,151,1511,15111,2,13,38,115,395
C,15,151,1511,15112,2,13,38,115,396
C,15,151,1511,15113,2,13,38,115,397
C,15,151,1511,15114,2,13,38,115,398
C,15,151,1512,15121,2,13,38,116,399
C,15,151,1512,15122,2,13,38,116,400
C,15,151,1512,15123,2,13,38,116,401
C,15,151,1512,15129,2,13,38,116,402
C,15,152,1520,15201,2,13,39,117,403
C,15,152,1520,15202,2,13,39,117,404
C,15,152,1520,15203,2,13,39,117,405
C,15,152,1520,15209,2,13,39,117,406
C,16,161,1610,16101,2,14,40,118,407
C,16,161,1610,16102,2,14,40,118,408
C,16,161,1610,16103,2,14,40,118,409
C,16,161,1610,16104,2,14,40,118,410
C,16,161,1610,16105,2,14,40,118,411
C,16,162,1621,16211,2,14,41,119,412
C,16,162,1621,16212,2,14,41,119,413
C,16,162,1621,16213,2,14,41,119,414
C,16,162,1621,16214,2,14,41,119,415
C,16,162,1621,16215,2,14,41,119,416
C,16,162,1622,16221,2,14,41,120,417
C,16,162,1622,16222,2,14,41,120,418
C,16,162,1623,16230,2,14,41,121,419
C,16,162,1629,16291,2,14,41,122,420
C,16,162,1629,16292,2,14,41,122,421
C,16,162,1629,16293,2,14,41,122,422
C,16,162,1629,16294,2,14,41,122,423
C,16,162,1629,16295,2,14,41,122,424
C,16,162,1629,16299,2,14,41,122,425
C,17,170,1701,17011,2,15,42,123,426
C,17,170,1701,17012,2,15,42,123,427
C,17,170,1701,17013,2,15,42,123,428
C,17,170,1701,17014,2,15,42,123,429
C,17,170,1701,17019,2,15,42,123,430
C,17,170,1702,17021,2,15,42,124,431
C,17,170,1702,17022,2,15,42,124,432
C,17,170,1709,17091,2,15,42,125,433
C,17,170,1709,17099,2,15,42,125,434
C,18,181,1811,18111,2,16,43,126,435
C,18,181,1811,18112,2,16,43,126,436
C,18,181,1811,18113,2,16,43,126,437
C,18,181,1812,18120,2,16,43,127,438
C,18,182,1820,18201,2,16,44,128,439
C,18,182,1820,18202,2,16,44,128,440
C,19,191,1910,19100,2,17,45,129,441
C,19,192,1921,19211,2,17,46,130,442
C,19,192,1921,19212,2,17,46,130,443
C,19,192,1921,19213,2,17,46,130,444
C,19,192,1921,19214,2,17,46,130,445
C,19,192,1929,19291,2,17,46,131,446
C,19,192,1929,19292,2,17,46,131,447
C,20,201,2011,20111,2,18,47,132,448
C,20,201,2011,20112,2,18,47,132,449
C,20,201,2011,20113,2,18,47,132,450
C,20,201,2011,20114,2,18,47,132,451
C,20,201,2011,20115,2,18,47,132,452
C,20,201,2011,20116,2,18,47,132,453
C,20,201,2011,20117,2,18,47,132,454
C,20,201,2011,20118,2,18,47,132,455
C,20,201,2011,20119,2,18,47,132,456
C,20,201,2012,20121,2,18,47,133,457
C,20,201,2012,20122,2,18,47,133,458
C,20,201,2012,20123,2,18,47,133,459
C,20,201,2012,20124,2,18,47,133,460
C,20,201,2012,20125,2,18,47,133,461
C,20,201,2012,20126,2,18,47,133,462
C,20,201,2012,20127,2,18,47,133,463
C,20,201,2012,20128,2,18,47,133,464
C,20,201,2012,20129,2,18,47,133,465
C,20,201,2013,20131,2,18,47,134,466
C,20,201,2013,20132,2,18,47,134,467
C,20,202,2021,20211,2,18,48,135,468
C,20,202,2021,20212,2,18,48,135,469
C,20,202,2021,20213,2,18,48,135,470
C,20,202,2021,20214,2,18,48,135,471
C,20,202,2022,20221,2,18,48,136,472
C,20,202,2022,20222,2,18,48,136,473
C,20,202,2022,20223,2,18,48,136,474
C,20,202,2023,20231,2,18,48,137,475
C,20,202,2023,20232,2,18,48,137,476
C,20,202,2023,20233,2,18,48,137,477
C,20,202,2023,20234,2,18,48,137,478
C,20,202,2029,20291,2,18,48,138,479
C,20,202,2029,20292,2,18,48,138,480
C,20,202,2029,20293,2,18,48,138,481
C,20,202,2029,20294,2,18,48,138,482
C,20,202,2029,20295,2,18,48,138,483
C,20,202,2029,20296,2,18,48,138,484
C,20,202,2029,20299,2,18,48,138,485
C,20,203,2030,20301,2,18,49,139,486
C,20,203,2030,20302,2,18,49,139,487
C,21,210,2101,21011,2,19,50,140,488
C,21,210,2101,21012,2,19,50,140,489
C,21,210,2101,21013,2,19,50,140,490
C,21,210,2101,21014,2,19,50,140,491
C,21,210,2101,21015,2,19,50,140,492
C,21,210,2102,21021,2,19,50,141,493
C,21,210,2102,21022,2,19,50,141,494
C,21,210,2102,21023,2,19,50,141,495
C,21,210,2102,21024,2,19,50,141,496
C,22,221,2211,22111,2,20,51,142,497
C,22,221,2211,22112,2,20,51,142,498
C,22,221,2212,22121,2,20,51,143,499
C,22,221,2212,22122,2,20,51,143,500
C,22,221,2212,22123,2,20,51,143,501
C,22,221,2219,22191,2,20,51,144,502
C,22,221,2219,22192,2,20,51,144,503
C,22,221,2219,22193,2,20,51,144,504
C,22,221,2219,22194,2,20,51,144,505
C,22,221,2219,22199,2,20,51,144,506
C,22,222,2221,22210,2,20,52,145,507
C,22,222,2222,22220,2,20,52,146,508
C,22,222,2223,22230,2,20,52,147,509
C,22,222,2229,22291,2,20,52,148,510
C,22,222,2229,22292,2,20,52,148,511
C,22,222,2229,22293,2,20,52,148,512
C,22,222,2229,22299,2,20,52,148,513
C,23,231,2311,23111,2,21,53,149,514
C,23,231,2311,23112,2,21,53,149,515
C,23,231,2311,23119,2,21,53,149,516
C,23,231,2312,23121,2,21,53,150,517
C,23,231,2312,23122,2,21,53,150,518
C,23,231,2312,23123,2,21,53,150,519
C,23,231,2312,23124,2,21,53,150,520
C,23,231,2312,23129,2,21,53,150,521
C,23,239,2391,23911,2,21,54,151,522
C,23,239,2391,23919,2,21,54,151,523
C,23,239,2392,23921,2,21,54,152,524
C,23,239,2392,23922,2,21,54,152,525
C,23,239,2392,23923,2,21,54,152,526
C,23,239,2392,23929,2,21,54,152,527
C,23,239,2393,23931,2,21,54,153,528
C,23,239,2393,23932,2,21,54,153,529
C,23,239,2393,23933,2,21,54,153,530
C,23,239,2393,23939,2,21,54,153,531
C,23,239,2394,23941,2,21,54,154,532
C,23,239,2394,23942,2,21,54,154,533
C,23,239,2394,23943,2,21,54,154,534
C,23,239,2395,23951,2,21,54,155,535
C,23,239,2395,23952,2,21,54,155,536
C,23,239,2395,23953,2,21,54,155,537
C,23,239,2395,23954,2,21,54,155,538
C,23,239,2395,23955,2,21,54,155,539
C,23,239,2395,23956,2,21,54,155,540
C,23,239,2395,23957,2,21,54,155,541
C,23,239,2395,23959,2,21,54,155,542
C,23,239,2396,23961,2,21,54,156,543
C,23,239,2396,23962,2,21,54,156,544
C,23,239,2396,23963,2,21,54,156,545
C,23,239,2396,23969,2,21,54,156,546
C,23,239,2399,23990,2,21,54,157,547
C,24,241,2410,24101,2,22,55,158,548
C,24,241,2410,24102,2,22,55,158,549
C,24,241,2410,24103,2,22,55,158,550
C,24,242,2420,24201,2,22,56,159,551
C,24,242,2420,24202,2,22,56,159,552
C,24,242,2420,24203,2,22,56,159,553
C,24,242,2420,24204,2,22,56,159,554
C,24,242,2420,24205,2,22,56,159,555
C,24,242,2420,24206,2,22,56,159,556
C,24,243,2431,24310,2,22,57,160,557
C,24,243,2432,24320,2,22,57,161,558
C,25,251,2511,25111,2,23,58,162,559
C,25,251,2511,25112,2,23,58,162,560
C,25,251,2511,25113,2,23,58,162,561
C,25,251,2511,25119,2,23,58,162,562
C,25,251,2512,25120,2,23,58,163,563
C,25,251,2513,25130,2,23,58,164,564
C,25,252,2520,25200,2,23,59,165,565
C,25,259,2591,25910,2,23,60,166,566
C,25,259,2592,25920,2,23,60,167,567
C,25,259,2593,25931,2,23,60,168,568
C,25,259,2593,25932,2,23,60,168,569
C,25,259,2593,25933,2,23,60,168,570
C,25,259,2593,25934,2,23,60,168,571
C,25,259,2594,25940,2,23,60,169,572
C,25,259,2595,25951,2,23,60,170,573
C,25,259,2595,25952,2,23,60,170,574
C,25,259,2599,25991,2,23,60,171,575
C,25,259,2599,25992,2,23,60,171,576
C,25,259,2599,25993,2,23,60,171,577
C,25,259,2599,25994,2,23,60,171,578
C,25,259,2599,25995,2,23,60,171,579
C,25,259,2599,25999,2,23,60,171,580
C,26,261,2611,26110,2,24,61,172,581
C,26,261,2612,26120,2,24,61,173,582
C,26,262,2621,26210,2,24,62,174,583
C,26,262,2622,26220,2,24,62,175,584
C,26,263,2631,26310,2,24,63,176,585
C,26,263,2632,26320,2,24,63,177,586
C,26,263,2639,26391,2,24,63,178,587
C,26,263,2639,26399,2,24,63,178,588
C,26,264,2641,26410,2,24,64,179,589
C,26,264,2642,26420,2,24,64,180,590
C,26,264,2649,26490,2,24,64,181,591
C,26,265,2651,26511,2,24,65,182,592
C,26,265,2651,26512,2,24,65,182,593
C,26,265,2651,26513,2,24,65,182,594
C,26,265,2651,26514,2,24,65,182,595
C,26,265,2652,26520,2,24,65,183,596
C,26,266,2660,26601,2,24,66,184,597
C,26,266,2660,26602,2,24,66,184,598
C,26,267,2671,26710,2,24,67,185,599
C,26,267,2679,26791,2,24,67,186,600
C,26,267,2679,26792,2,24,67,186,601
C,26,268,2680,26800,2,24,68,187,602
C,27,271,2711,27111,2,25,69,188,603
C,27,271,2711,27112,2,25,69,188,604
C,27,271,2711,27113,2,25,69,188,605
C,27,271,2712,27120,2,25,69,189,606
C,27,272,2720,27201,2,25,70,190,607
C,27,272,2720,27202,2,25,70,190,608
C,27,272,2720,27203,2,25,70,190,609
C,27,273,2731,27310,2,25,71,191,610
C,27,273,2732,27320,2,25,71,192,611
C,27,273,2733,27330,2,25,71,193,612
C,27,274,2740,27401,2,25,72,194,613
C,27,274,2740,27402,2,25,72,194,614
C,27,274,2740,27403,2,25,72,194,615
C,27,274,2740,27404,2,25,72,194,616
C,27,274,2740,27409,2,25,72,194,617
C,27,275,2751,27510,2,25,73,195,618
C,27,275,2752,27520,2,25,73,196,619
C,27,275,2753,27530,2,25,73,197,620
C,27,279,2790,27900,2,25,74,198,621
C,28,281,2811,28111,2,26,75,199,622
C,28,281,2811,28112,2,26,75,199,623
C,28,281,2811,28113,2,26,75,199,624
C,28,281,2812,28120,2,26,75,200,625
C,28,281,2813,28130,2,26,75,201,626
C,28,281,2814,28140,2,26,75,202,627
C,28,281,2815,28151,2,26,75,203,628
C,28,281,2815,28152,2,26,75,203,629
C,28,281,2816,28160,2,26,75,204,630
C,28,281,2817,28171,2,26,75,205,631
C,28,281,2817,28172,2,26,75,205,632
C,28,281,2817,28173,2,26,75,205,633
C,28,281,2817,28174,2,26,75,205,634
C,28,281,2817,28179,2,26,75,205,635
C,28,281,2818,28180,2,26,75,206,636
C,28,281,2819,28191,2,26,75,207,637
C,28,281,2819,28192,2,26,75,207,638
C,28,281,2819,28193,2,26,75,207,639
C,28,281,2819,28199,2,26,75,207,640
C,28,282,2821,28210,2,26,76,208,641
C,28,282,2822,28221,2,26,76,209,642
C,28,282,2822,28222,2,26,76,209,643
C,28,282,2822,28223,2,26,76,209,644
C,28,282,2822,28224,2,26,76,209,645
C,28,282,2823,28230,2,26,76,210,646
C,28,282,2824,28240,2,26,76,211,647
C,28,282,2825,28250,2,26,76,212,648
C,28,282,2826,28261,2,26,76,213,649
C,28,282,2826,28262,2,26,76,213,650
C,28,282,2826,28263,2,26,76,213,651
C,28,282,2826,28264,2,26,76,213,652
C,28,282,2826,28265,2,26,76,213,653
C,28,282,2829,28291,2,26,76,214,654
C,28,282,2829,28292,2,26,76,214,655
C,28,282,2829,28299,2,26,76,214,656
C,29,291,2910,29101,2,27,77,215,657
C,29,291,2910,29102,2,27,77,215,658
C,29,292,2920,29200,2,27,78,216,659
C,29,293,2930,29300,2,27,79,217,660
C,30,301,3011,30111,2,28,80,218,661
C,30,301,3011,30112,2,28,80,218,662
C,30,301,3011,30113,2,28,80,218,663
C,30,301,3012,30120,2,28,80,219,664
C,30,302,3020,30200,2,28,81,220,665
C,30,303,3030,30300,2,28,82,221,666
C,30,304,3040,30400,2,28,83,222,667
C,30,309,3091,30911,2,28,84,223,668
C,30,309,3091,30912,2,28,84,223,669
C,30,309,3092,30921,2,28,84,224,670
C,30,309,3092,30922,2,28,84,224,671
C,30,309,3099,30990,2,28,84,225,672
C,31,310,3100,31001,2,29,85,226,673
C,31,310,3100,31002,2,29,85,226,674
C,31,310,3100,31003,2,29,85,226,675
C,31,310,3100,31004,2,29,85,226,676
C,31,310,3100,31009,2,29,85,226,677
C,32,321,3211,32111,2,30,86,227,678
C,32,321,3211,32112,2,30,86,227,679
C,32,321,3211,32113,2,30,86,227,680
C,32,321,3211,32114,2,30,86,227,681
C,32,321,3211,32115,2,30,86,227,682
C,32,321,3211,32119,2,30,86,227,683
C,32,321,3212,32120,2,30,86,228,684
C,32,322,3220,32201,2,30,87,229,685
C,32,322,3220,32202,2,30,87,229,686
C,32,323,3230,32300,2,30,88,230,687
C,32,324,3240,32401,2,30,89,231,688
C,32,324,3240,32402,2,30,89,231,689
C,32,325,3250,32501,2,30,90,232,690
C,32,325,3250,32502,2,30,90,232,691
C,32,325,3250,32503,2,30,90,232,692
C,32,325,3250,32509,2,30,90,232,693
C,32,329,3290,32901,2,30,91,233,694
C,32,329,3290,32902,2,30,91,233,695
C,32,329,3290,32903,2,30,91,233,696
C,32,329,3290,32904,2,30,91,233,697
C,32,329,3290,32905,2,30,91,233,698
C,32,329,3290,32906,2,30,91,233,699
C,32,329,3290,32907,2,30,91,233,700
C,32,329,3290,32909,2,30,91,233,701
C,33,331,3311,33111,2,31,92,234,702
C,33,331,3311,33112,2,31,92,234,703
C,33,331,3311,33119,2,31,92,234,704
C,33,331,3312,33121,2,31,92,235,705
C,33,331,3312,33122,2,31,92,235,706
C,33,331,3313,33131,2,31,92,236,707
C,33,331,3313,33132,2,31,92,236,708
C,33,331,3313,33133,2,31,92,236,709
C,33,331,3314,33141,2,31,92,237,710
C,33,331,3314,33142,2,31,92,237,711
C,33,331,3314,33149,2,31,92,237,712
C,33,331,3315,33151,2,31,92,238,713
C,33,331,3315,33152,2,31,92,238,714
C,33,331,3315,33153,2,31,92,238,715
C,33,331,3315,33159,2,31,92,238,716
C,33,331,3319,33190,2,31,92,239,717
C,33,332,3320,33200,2,31,93,240,718
D,35,351,3511,35111,3,32,94,241,719
D,35,351,3511,35112,3,32,94,241,720
D,35,351,3511,35113,3,32,94,241,721
D,35,351,3511,35114,3,32,94,241,722
D,35,351,3511,35115,3,32,94,241,723
D,35,351,3511,35116,3,32,94,241,724
D,35,351,3511,35117,3,32,94,241,725
D,35,351,3511,35118,3,32,94,241,726
D,35,351,3512,35121,3,32,94,242,727
D,35,351,3512,35122,3,32,94,242,728
D,35,351,3512,35129,3,32,94,242,729
D,35,352,3520,35201,3,32,95,243,730
D,35,352,3520,35202,3,32,95,243,731
D,35,352,3520,35203,3,32,95,243,732
D,35,353,3530,35301,3,32,96,244,733
D,35,353,3530,35302,3,32,96,244,734
E,36,360,3600,36001,4,33,97,245,735
E,36,360,3600,36002,4,33,97,245,736
E,36,360,3600,36003,4,33,97,245,737
E,37,370,3701,37011,4,34,98,246,738
E,37,370,3701,37012,4,34,98,246,739
E,37,370,3702,37021,4,34,98,247,740
E,37,370,3702,37022,4,34,98,247,741
E,38,381,3811,38110,4,35,99,248,742
E,38,381,3812,38120,4,35,99,249,743
E,38,382,3821,38211,4,35,100,250,744
E,38,382,3821,38212,4,35,100,250,745
E,38,382,3822,38220,4,35,100,251,746
E,38,383,3830,38301,4,35,101,252,747
E,38,383,3830,38302,4,35,101,252,748
E,39,390,3900,39000,4,36,102,253,749
F,41,410,4101,41011,5,37,103,254,750
F,41,410,4101,41012,5,37,103,254,751
F,41,410,4101,41013,5,37,103,254,752
F,41,410,4101,41014,5,37,103,254,753
F,41,410,4101,41015,5,37,103,254,754
F,41,410,4101,41016,5,37,103,254,755
F,41,410,4101,41017,5,37,103,254,756
F,41,410,4101,41018,5,37,103,254,757
F,41,410,4101,41019,5,37,103,254,758
F,41,410,4102,41020,5,37,103,255,759
F,42,421,4210,42101,5,38,104,256,760
F,42,421,4210,42102,5,38,104,256,761
F,42,421,4210,42103,5,38,104,256,762
F,42,421,4210,42104,5,38,104,256,763
F,42,422,4220,42201,5,38,105,257,764
F,42,422,4220,42202,5,38,105,257,765
F,42,422,4220,42203,5,38,105,257,766
F,42,422,4220,42204,5,38,105,257,767
F,42,422,4220,42205,5,38,105,257,768
F,42,422,4220,42206,5,38,105,257,769
F,42,422,4220,42207,5,38,105,257,770
F,42,422,4220,42209,5,38,105,257,771
F,42,429,4291,42911,5,38,106,258,772
F,42,429,4291,42912,5,38,106,258,773
F,42,429,4291,42913,5,38,106,258,774
F,42,429,4291,42914,5,38,106,258,775
F,42,429,4291,42915,5,38,106,258,776
F,42,429,4291,42916,5,38,106,258,777
F,42,429,4291,42917,5,38,106,258,778
F,42,429,4291,42918,5,38,106,258,779
F,42,429,4291,42919,5,38,106,258,780
F,42,429,4292,42921,5,38,106,259,781
F,42,429,4292,42922,5,38,106,259,782
F,42,429,4292,42923,5,38,106,259,783
F,42,429,4292,42924,5,38,106,259,784
F,42,429,4292,42929,5,38,106,259,785
F,42,429,4293,42930,5,38,106,260,786
F,43,431,4311,43110,5,39,107,261,787
F,43,431,4312,43120,5,39,107,262,788
F,43,432,4321,43211,5,39,108,263,789
F,43,432,4321,43212,5,39,108,263,790
F,43,432,4321,43213,5,39,108,263,791
F,43,432,4321,43214,5,39,108,263,792
F,43,432,4321,43215,5,39,108,263,793
F,43,432,4321,43216,5,39,108,263,794
F,43,432,4322,43221,5,39,108,264,795
F,43,432,4322,43222,5,39,108,264,796
F,43,432,4322,43223,5,39,108,264,797
F,43,432,4322,43224,5,39,108,264,798
F,43,432,4329,43291,5,39,108,265,799
F,43,432,4329,43292,5,39,108,265,800
F,43,432,4329,43293,5,39,108,265,801
F,43,432,4329,43294,5,39,108,265,802
F,43,432,4329,43299,5,39,108,265,803
F,43,433,4330,43301,5,39,109,266,804
F,43,433,4330,43302,5,39,109,266,805
F,43,433,4330,43303,5,39,109,266,806
F,43,433,4330,43304,5,39,109,266,807
F,43,433,4330,43305,5,39,109,266,808
F,43,433,4330,43309,5,39,109,266,809
F,43,439,4390,43901,5,39,110,267,810
F,43,439,4390,43902,5,39,110,267,811
F,43,439,4390,43903,5,39,110,267,812
F,43,439,4390,43904,5,39,110,267,813
F,43,439,4390,43905,5,39,110,267,814
F,43,439,4390,43909,5,39,110,267,815
G,45,451,4510,45101,6,40,111,268,816
G,45,451,4510,45102,6,40,111,268,817
G,45,451,4510,45103,6,40,111,268,818
G,45,451,4510,45104,6,40,111,268,819
G,45,452,4520,45201,6,40,112,269,820
G,45,452,4520,45202,6,40,112,269,821
G,45,453,4530,45301,6,40,113,270,822
G,45,453,4530,45302,6,40,113,270,823
G,45,454,4540,45401,6,40,114,271,824
G,45,454,4540,45402,6,40,114,271,825
G,45,454,4540,45403,6,40,114,271,826
G,45,454,4540,45404,6,40,114,271,827
G,45,454,4540,45405,6,40,114,271,828
G,45,454,4540,45406,6,40,114,271,829
G,45,454,4540,45407,6,40,114,271,830
G,46,461,4610,46100,6,41,115,272,831
G,46,462,4620,46201,6,41,116,273,832
G,46,462,4620,46202,6,41,116,273,833
G,46,462,4620,46203,6,41,116,273,834
G,46,462,4620,46204,6,41,116,273,835
G,46,462,4620,46205,6,41,116,273,836
G,46,462,4620,46206,6,41,116,273,837
G,46,462,4620,46207,6,41,116,273,838
G,46,462,4620,46208,6,41,116,273,839
G,46,462,4620,46209,6,41,116,273,840
G,46,463,4631,46311,6,41,117,274,841
G,46,463,4631,46312,6,41,117,274,842
G,46,463,4631,46313,6,41,117,274,843
G,46,463,4631,46314,6,41,117,274,844
G,46,463,4631,46315,6,41,117,274,845
G,46,463,4631,46319,6,41,117,274,846
G,46,463,4632,46321,6,41,117,275,847
G,46,463,4632,46322,6,41,117,275,848
G,46,463,4632,46323,6,41,117,275,849
G,46,463,4632,46324,6,41,117,275,850
G,46,463,4632,46325,6,41,117,275,851
G,46,463,4632,46326,6,41,117,275,852
G,46,463,4632,46327,6,41,117,275,853
G,46,463,4632,46329,6,41,117,275,854
G,46,463,4633,46331,6,41,117,276,855
G,46,463,4633,46332,6,41,117,276,856
G,46,463,4633,46333,6,41,117,276,857
G,46,463,4633,46334,6,41,117,276,858
G,46,463,4633,46335,6,41,117,276,859
G,46,463,4633,46339,6,41,117,276,860
G,46,464,4641,46411,6,41,118,277,861
G,46,464,4641,46412,6,41,118,277,862
G,46,464,4641,46413,6,41,118,277,863
G,46,464,4641,46414,6,41,118,277,864
G,46,464,4641,46419,6,41,118,277,865
G,46,464,4642,46421,6,41,118,278,866
G,46,464,4642,46422,6,41,118,278,867
G,46,464,4643,46430,6,41,118,279,868
G,46,464,4644,46441,6,41,118,280,869
G,46,464,4644,46442,6,41,118,280,870
G,46,464,4644,46443,6,41,118,280,871
G,46,464,4644,46444,6,41,118,280,872
G,46,464,4644,46445,6,41,118,280,873
G,46,464,4644,46446,6,41,118,280,874
G,46,464,4644,46447,6,41,118,280,875
G,46,464,4644,46448,6,41,118,280,876
G,46,464,4649,46491,6,41,118,281,877
G,46,464,4649,46492,6,41,118,281,878
G,46,464,4649,46493,6,41,118,281,879
G,46,464,4649,46494,6,41,118,281,880
G,46,464,4649,46495,6,41,118,281,881
G,46,464,4649,46499,6,41,118,281,882
G,46,465,4651,46511,6,41,119,282,883
G,46,465,4651,46512,6,41,119,282,884
G,46,465,4652,46521,6,41,119,283,885
G,46,465,4652,46522,6,41,119,283,886
G,46,465,4652,46523,6,41,119,283,887
G,46,465,4653,46530,6,41,119,284,888
G,46,465,4659,46591,6,41,119,285,889
G,46,465,4659,46592,6,41,119,285,890
G,46,465,4659,46593,6,41,119,285,891
G,46,465,4659,46594,6,41,119,285,892
G,46,465,4659,46599,6,41,119,285,893
G,46,466,4661,46610,6,41,120,286,894
G,46,466,4662,46620,6,41,120,287,895
G,46,466,4663,46631,6,41,120,288,896
G,46,466,4663,46632,6,41,120,288,897
G,46,466,4663,46633,6,41,120,288,898
G,46,466,4663,46634,6,41,120,288,899
G,46,466,4663,46635,6,41,120,288,900
G,46,466,4663,46636,6,41,120,288,901
G,46,466,4663,46637,6,41,120,288,902
G,46,466,4663,46638,6,41,120,288,903
G,46,466,4663,46639,6,41,120,288,904
G,46,466,4664,46641,6,41,120,289,905
G,46,466,4664,46642,6,41,120,289,906
G,46,466,4664,46643,6,41,120,289,907
G,46,466,4665,46651,6,41,120,290,908
G,46,466,4665,46652,6,41,120,290,909
G,46,466,4665,46653,6,41,120,290,910
G,46,466,4665,46654,6,41,120,290,911
G,46,466,4669,46691,6,41,120,291,912
G,46,466,4669,46692,6,41,120,291,913
G,46,466,4669,46693,6,41,120,291,914
G,46,466,4669,46694,6,41,120,291,915
G,46,466,4669,46695,6,41,120,291,916
G,46,466,4669,46696,6,41,120,291,917
G,46,466,4669,46699,6,41,120,291,918
G,46,469,4690,46900,6,41,121,292,919
G,47,471,4711,47111,6,42,122,293,920
G,47,471,4711,47112,6,42,122,293,921
G,47,471,4719,47191,6,42,122,294,922
G,47,471,4719,47192,6,42,122,294,923
G,47,472,4721,47211,6,42,123,295,924
G,47,472,4721,47212,6,42,123,295,925
G,47,472,4721,47213,6,42,123,295,926
G,47,472,4721,47214,6,42,123,295,927
G,47,472,4721,47215,6,42,123,295,928
G,47,472,4721,47216,6,42,123,295,929
G,47,472,4721,47219,6,42,123,295,930
G,47,472,4722,47221,6,42,123,296,931
G,47,472,4722,47222,6,42,123,296,932
G,47,472,4723,47230,6,42,123,297,933
G,47,472,4724,47241,6,42,123,298,934
G,47,472,4724,47242,6,42,123,298,935
G,47,472,4724,47243,6,42,123,298,936
G,47,472,4724,47244,6,42,123,298,937
G,47,472,4724,47245,6,42,123,298,938
G,47,472,4724,47249,6,42,123,298,939
G,47,473,4730,47301,6,42,124,299,940
G,47,473,4730,47302,6,42,124,299,941
G,47,473,4730,47303,6,42,124,299,942
G,47,474,4741,47411,6,42,125,300,943
G,47,474,4741,47412,6,42,125,300,944
G,47,474,4741,47413,6,42,125,300,945
G,47,474,4741,47414,6,42,125,300,946
G,47,474,4741,47415,6,42,125,300,947
G,47,474,4742,47420,6,42,125,301,948
G,47,475,4751,47511,6,42,126,302,949
G,47,475,4751,47512,6,42,126,302,950
G,47,475,4751,47513,6,42,126,302,951
G,47,475,4752,47521,6,42,126,303,952
G,47,475,4752,47522,6,42,126,303,953
G,47,475,4752,47523,6,42,126,303,954
G,47,475,4752,47524,6,42,126,303,955
G,47,475,4752,47525,6,42,126,303,956
G,47,475,4752,47526,6,42,126,303,957
G,47,475,4752,47527,6,42,126,303,958
G,47,475,4752,47528,6,42,126,303,959
G,47,475,4752,47529,6,42,126,303,960
G,47,475,4753,47530,6,42,126,304,961
G,47,475,4759,47591,6,42,126,305,962
G,47,475,4759,47592,6,42,126,305,963
G,47,475,4759,47593,6,42,126,305,964
G,47,475,4759,47594,6,42,126,305,965
G,47,475,4759,47595,6,42,126,305,966
G,47,475,4759,47596,6,42,126,305,967
G,47,475,4759,47597,6,42,126,305,968
G,47,475,4759,47599,6,42,126,305,969
G,47,476,4761,47611,6,42,127,306,970
G,47,476,4761,47612,6,42,127,306,971
G,47,476,4762,47620,6,42,127,307,972
G,47,476,4763,47630,6,42,127,308,973
G,47,476,4764,47640,6,42,127,309,974
G,47,476,4765,47650,6,42,127,310,975
G,47,477,4771,47711,6,42,128,311,976
G,47,477,4771,47712,6,42,128,311,977
G,47,477,4771,47713,6,42,128,311,978
G,47,477,4771,47714,6,42,128,311,979
G,47,477,4772,47721,6,42,128,312,980
G,47,477,4772,47722,6,42,128,312,981
G,47,477,4772,47723,6,42,128,312,982
G,47,477,4772,47724,6,42,128,312,983
G,47,477,4772,47725,6,42,128,312,984
G,47,477,4772,47726,6,42,128,312,985
G,47,477,4772,47727,6,42,128,312,986
G,47,477,4772,47728,6,42,128,312,987
G,47,477,4772,47729,6,42,128,312,988
G,47,477,4773,47731,6,42,128,313,989
G,47,477,4773,47732,6,42,128,313,990
G,47,477,4773,47733,6,42,128,313,991
G,47,477,4773,47734,6,42,128,313,992
G,47,477,4773,47735,6,42,128,313,993
G,47,477,4773,47736,6,42,128,313,994
G,47,477,4773,47737,6,42,128,313,995
G,47,477,4773,47739,6,42,128,313,996
G,47,477,4774,47741,6,42,128,314,997
G,47,477,4774,47742,6,42,128,314,998
G,47,477,4774,47743,6,42,128,314,999
G,47,477,4774,47744,6,42,128,314,1000
G,47,477,4774,47745,6,42,128,314,1001
G,47,477,4774,47746,6,42,128,314,1002
G,47,477,4774,47749,6,42,128,314,1003
G,47,477,4775,47751,6,42,128,315,1004
G,47,477,4775,47752,6,42,128,315,1005
G,47,477,4775,47753,6,42,128,315,1006
G,47,477,4775,47754,6,42,128,315,1007
G,47,477,4776,47761,6,42,128,316,1008
G,47,477,4776,47762,6,42,128,316,1009
G,47,477,4776,47763,6,42,128,316,1010
G,47,477,4776,47764,6,42,128,316,1011
G,47,477,4777,47771,6,42,128,317,1012
G,47,477,4777,47772,6,42,128,317,1013
G,47,477,4777,47773,6,42,128,317,1014
G,47,477,4777,47774,6,42,128,317,1015
G,47,477,4777,47779,6,42,128,317,1016
G,47,477,4778,47781,6,42,128,318,1017
G,47,477,4778,47782,6,42,128,318,1018
G,47,477,4778,47783,6,42,128,318,1019
G,47,477,4778,47784,6,42,128,318,1020
G,47,477,4778,47785,6,42,128,318,1021
G,47,477,4778,47789,6,42,128,318,1022
G,47,477,4779,47791,6,42,128,319,1023
G,47,477,4779,47792,6,42,128,319,1024
G,47,477,4779,47793,6,42,128,319,1025
G,47,477,4779,47794,6,42,128,319,1026
G,47,477,4779,47795,6,42,128,319,1027
G,47,477,4779,47796,6,42,128,319,1028
G,47,477,4779,47797,6,42,128,319,1029
G,47,478,4781,47811,6,42,129,320,1030
G,47,478,4781,47812,6,42,129,320,1031
G,47,478,4781,47813,6,42,129,320,1032
G,47,478,4781,47814,6,42,129,320,1033
G,47,478,4781,47815,6,42,129,320,1034
G,47,478,4781,47816,6,42,129,320,1035
G,47,478,4781,47819,6,42,129,320,1036
G,47,478,4782,47821,6,42,129,321,1037
G,47,478,4782,47822,6,42,129,321,1038
G,47,478,4782,47823,6,42,129,321,1039
G,47,478,4782,47824,6,42,129,321,1040
G,47,478,4782,47825,6,42,129,321,1041
G,47,478,4782,47826,6,42,129,321,1042
G,47,478,4782,47827,6,42,129,321,1043
G,47,478,4782,47828,6,42,129,321,1044
G,47,478,4782,47829,6,42,129,321,1045
G,47,478,4783,47831,6,42,129,322,1046
G,47,478,4783,47832,6,42,129,322,1047
G,47,478,4783,47833,6,42,129,322,1048
G,47,478,4783,47834,6,42,129,322,1049
G,47,478,4784,47841,6,42,129,323,1050
G,47,478,4784,47842,6,42,129,323,1051
G,47,478,4784,47843,6,42,129,323,1052
G,47,478,4784,47844,6,42,129,323,1053
G,47,478,4784,47845,6,42,129,323,1054
G,47,478,4784,47846,6,42,129,323,1055
G,47,478,4784,47849,6,42,129,323,1056
G,47,478,4785,47851,6,42,129,324,1057
G,47,478,4785,47852,6,42,129,324,1058
G,47,478,4785,47853,6,42,129,324,1059
G,47,478,4785,47854,6,42,129,324,1060
G,47,478,4785,47855,6,42,129,324,1061
G,47,478,4785,47859,6,42,129,324,1062
G,47,478,4786,47861,6,42,129,325,1063
G,47,478,4786,47862,6,42,129,325,1064
G,47,478,4786,47863,6,42,129,325,1065
G,47,478,4786,47864,6,42,129,325,1066
G,47,478,4786,47865,6,42,129,325,1067
G,47,478,4786,47866,6,42,129,325,1068
G,47,478,4786,47867,6,42,129,325,1069
G,47,478,4786,47869,6,42,129,325,1070
G,47,478,4787,47871,6,42,129,326,1071
G,47,478,4787,47872,6,42,129,326,1072
G,47,478,4787,47873,6,42,129,326,1073
G,47,478,4787,47874,6,42,129,326,1074
G,47,478,4787,47875,6,42,129,326,1075
G,47,478,4787,47876,6,42,129,326,1076
G,47,478,4787,47877,6,42,129,326,1077
G,47,478,4787,47879,6,42,129,326,1078
G,47,478,4788,47881,6,42,129,327,1079
G,47,478,4788,47882,6,42,129,327,1080
G,47,478,4788,47883,6,42,129,327,1081
G,47,478,4789,47891,6,42,129,328,1082
G,47,478,4789,47892,6,42,129,328,1083
G,47,478,4789,47893,6,42,129,328,1084
G,47,478,4789,47894,6,42,129,328,1085
G,47,478,4789,47895,6,42,129,328,1086
G,47,478,4789,47896,6,42,129,328,1087
G,47,478,4789,47897,6,42,129,328,1088
G,47,478,4789,47899,6,42,129,328,1089
G,47,479,4791,47911,6,42,130,329,1090
G,47,479,4791,47912,6,42,130,329,1091
G,47,479,4791,47913,6,42,130,329,1092
G,47,479,4791,47914,6,42,130,329,1093
G,47,479,4791,47919,6,42,130,329,1094
G,47,479,4792,47920,6,42,130,330,1095
G,47,479,4799,47991,6,42,130,331,1096
G,47,479,4799,47992,6,42,130,331,1097
G,47,479,4799,47993,6,42,130,331,1098
G,47,479,4799,47994,6,42,130,331,1099
G,47,479,4799,47995,6,42,130,331,1100
G,47,479,4799,47996,6,42,130,331,1101
G,47,479,4799,47997,6,42,130,331,1102
G,47,479,4799,47998,6,42,130,331,1103
G,47,479,4799,47999,6,42,130,331,1104
H,49,491,4911,49110,7,43,131,332,1105
H,49,491,4912,49120,7,43,131,333,1106
H,49,492,4921,49211,7,43,132,334,1107
H,49,492,4921,49212,7,43,132,334,1108
H,49,492,4921,49213,7,43,132,334,1109
H,49,492,4921,49214,7,43,132,334,1110
H,49,492,4921,49215,7,43,132,334,1111
H,49,492,4921,49216,7,43,132,334,1112
H,49,492,4921,49219,7,43,132,334,1113
H,49,492,4922,49221,7,43,132,335,1114
H,49,492,4922,49229,7,43,132,335,1115
H,49,493,4930,49300,7,43,133,336,1116
H,49,494,4941,49411,7,43,134,337,1117
H,49,494,4941,49412,7,43,134,337,1118
H,49,494,4941,49413,7,43,134,337,1119
H,49,494,4941,49414,7,43,134,337,1120
H,49,494,4941,49415,7,43,134,337,1121
H,49,494,4941,49419,7,43,134,337,1122
H,49,494,4942,49421,7,43,134,338,1123
H,49,494,4942,49422,7,43,134,338,1124
H,49,494,4942,49423,7,43,134,338,1125
H,49,494,4942,49424,7,43,134,338,1126
H,49,494,4942,49425,7,43,134,338,1127
H,49,494,4942,49426,7,43,134,338,1128
H,49,494,4942,49429,7,43,134,338,1129
H,49,494,4943,49431,7,43,134,339,1130
H,49,494,4943,49432,7,43,134,339,1131
H,49,494,4943,49433,7,43,134,339,1132
H,49,494,4944,49441,7,43,134,340,1133
H,49,494,4944,49442,7,43,134,340,1134
H,49,494,4945,49450,7,43,134,341,1135
H,50,501,5011,50111,7,44,135,342,1136
H,50,501,5011,50112,7,44,135,342,1137
H,50,501,5011,50113,7,44,135,342,1138
H,50,501,5011,50114,7,44,135,342,1139
H,50,501,5012,50121,7,44,135,343,1140
H,50,501,5012,50122,7,44,135,343,1141
H,50,501,5013,50131,7,44,135,344,1142
H,50,501,5013,50132,7,44,135,344,1143
H,50,501,5013,50133,7,44,135,344,1144
H,50,501,5013,50134,7,44,135,344,1145
H,50,501,5013,50135,7,44,135,344,1146
H,50,501,5014,50141,7,44,135,345,1147
H,50,501,5014,50142,7,44,135,345,1148
H,50,501,5014,50143,7,44,135,345,1149
H,50,502,5021,50211,7,44,136,346,1150
H,50,502,5021,50212,7,44,136,346,1151
H,50,502,5021,50213,7,44,136,346,1152
H,50,502,5021,50214,7,44,136,346,1153
H,50,502,5021,50215,7,44,136,346,1154
H,50,502,5021,50216,7,44,136,346,1155
H,50,502,5021,50217,7,44,136,346,1156
H,50,502,5021,50218,7,44,136,346,1157
H,50,502,5021,50219,7,44,136,346,1158
H,50,502,5022,50221,7,44,136,347,1159
H,50,502,5022,50222,7,44,136,347,1160
H,50,502,5022,50223,7,44,136,347,1161
H,50,502,5022,50224,7,44,136,347,1162
H,50,502,5022,50225,7,44,136,347,1163
H,50,502,5022,50226,7,44,136,347,1164
H,50,502,5022,50227,7,44,136,347,1165
H,50,502,5022,50228,7,44,136,347,1166
H,50,502,5022,50229,7,44,136,347,1167
H,51,511,5110,51101,7,45,137,348,1168
H,51,511,5110,51102,7,45,137,348,1169
H,51,511,5110,51103,7,45,137,348,1170
H,51,511,5110,51104,7,45,137,348,1171
H,51,511,5110,51105,7,45,137,348,1172
H,51,511,5110,51106,7,45,137,348,1173
H,51,511,5110,51107,7,45,137,348,1174
H,51,511,5110,51108,7,45,137,348,1175
H,51,511,5110,51109,7,45,137,348,1176
H,51,512,5120,51201,7,45,138,349,1177
H,51,512,5120,51202,7,45,138,349,1178
H,51,512,5120,51203,7,45,138,349,1179
H,51,512,5120,51204,7,45,138,349,1180
H,52,521,5210,52101,7,46,139,350,1181
H,52,521,5210,52102,7,46,139,350,1182
H,52,521,5210,52103,7,46,139,350,1183
H,52,521,5210,52104,7,46,139,350,1184
H,52,521,5210,52105,7,46,139,350,1185
H,52,521,5210,52106,7,46,139,350,1186
H,52,521,5210,52107,7,46,139,350,1187
H,52,521,5210,52108,7,46,139,350,1188
H,52,521,5210,52109,7,46,139,350,1189
H,52,522,5221,52211,7,46,140,351,1190
H,52,522,5221,52212,7,46,140,351,1191
H,52,522,5221,52213,7,46,140,351,1192
H,52,522,5221,52214,7,46,140,351,1193
H,52,522,5221,52215,7,46,140,351,1194
H,52,522,5221,52219,7,46,140,351,1195
H,52,522,5222,52221,7,46,140,352,1196
H,52,522,5222,52222,7,46,140,352,1197
H,52,522,5222,52223,7,46,140,352,1198
H,52,522,5222,52224,7,46,140,352,1199
H,52,522,5222,52225,7,46,140,352,1200
H,52,522,5222,52229,7,46,140,352,1201
H,52,522,5223,52231,7,46,140,353,1202
H,52,522,5223,52232,7,46,140,353,1203
H,52,522,5224,52240,7,46,140,354,1204
H,52,522,5229,52291,7,46,140,355,1205
H,52,522,5229,52292,7,46,140,355,1206
H,52,522,5229,52293,7,46,140,355,1207
H,52,522,5229,52294,7,46,140,355,1208
H,52,522,5229,52295,7,46,140,355,1209
H,52,522,5229,52296,7,46,140,355,1210
H,52,522,5229,52297,7,46,140,355,1211
H,52,522,5229,52298,7,46,140,355,1212
H,52,522,5229,52299,7,46,140,355,1213
H,53,531,5310,53100,7,47,141,356,1214
H,53,532,5320,53201,7,47,142,357,1215
H,53,532,5320,53202,7,47,142,357,1216
I,55,551,5511,55110,8,48,143,358,1217
I,55,551,5512,55120,8,48,143,359,1218
I,55,551,5513,55130,8,48,143,360,1219
I,55,551,5519,55191,8,48,143,361,1220
I,55,551,5519,55192,8,48,143,361,1221
I,55,551,5519,55193,8,48,143,361,1222
I,55,551,5519,55194,8,48,143,361,1223
I,55,551,5519,55199,8,48,143,361,1224
I,55,559,5590,55900,8,48,144,362,1225
I,56,561,5610,56101,8,49,145,363,1226
I,56,561,5610,56102,8,49,145,363,1227
I,56,561,5610,56103,8,49,145,363,1228
I,56,561,5610,56104,8,49,145,363,1229
I,56,561,5610,56109,8,49,145,363,1230
I,56,562,5621,56210,8,49,146,364,1231
I,56,562,5629,56290,8,49,146,365,1232
I,56,563,5630,56301,8,49,147,366,1233
I,56,563,5630,56302,8,49,147,366,1234
I,56,563,5630,56303,8,49,147,366,1235
I,56,563,5630,56304,8,49,147,366,1236
I,56,563,5630,56305,8,49,147,366,1237
I,56,563,5630,56306,8,49,147,366,1238
J,58,581,5811,58110,9,50,148,367,1239
J,58,581,5812,58120,9,50,148,368,1240
J,58,581,5813,58130,9,50,148,369,1241
J,58,581,5819,58190,9,50,148,370,1242
J,58,582,5820,58200,9,50,149,371,1243
J,59,591,5911,59111,9,51,150,372,1244
J,59,591,5911,59112,9,51,150,372,1245
J,59,591,5912,59121,9,51,150,373,1246
J,59,591,5912,59122,9,51,150,373,1247
J,59,591,5913,59131,9,51,150,374,1248
J,59,591,5913,59132,9,51,150,374,1249
J,59,591,5914,59140,9,51,150,375,1250
J,59,592,5920,59201,9,51,151,376,1251
J,59,592,5920,59202,9,51,151,376,1252
J,60,601,6010,60101,9,52,152,377,1253
J,60,601,6010,60102,9,52,152,377,1254
J,60,602,6020,60201,9,52,153,378,1255
J,60,602,6020,60202,9,52,153,378,1256
J,61,611,6110,61100,9,53,154,379,1257
J,61,612,6120,61200,9,53,155,380,1258
J,61,613,6130,61300,9,53,156,381,1259
J,61,619,6191,61911,9,53,157,382,1260
J,61,619,6191,61912,9,53,157,382,1261
J,61,619,6191,61913,9,53,157,382,1262
J,61,619,6191,61914,9,53,157,382,1263
J,61,619,6191,61919,9,53,157,382,1264
J,61,619,6192,61921,9,53,157,383,1265
J,61,619,6192,61922,9,53,157,383,1266
J,61,619,6192,61923,9,53,157,383,1267
J,61,619,6192,61924,9,53,157,383,1268
J,61,619,6192,61929,9,53,157,383,1269
J,61,619,6199,61991,9,53,157,384,1270
J,61,619,6199,61992,9,53,157,384,1271
J,61,619,6199,61993,9,53,157,384,1272
J,61,619,6199,61994,9,53,157,384,1273
J,61,619,6199,61999,9,53,157,384,1274
J,62,620,6201,62011,9,54,158,385,1275
J,62,620,6201,62012,9,54,158,385,1276
J,62,620,6201,62013,9,54,158,385,1277
J,62,620,6201,62014,9,54,158,385,1278
J,62,620,6201,62015,9,54,158,385,1279
J,62,620,6201,62019,9,54,158,385,1280
J,62,620,6202,62021,9,54,158,386,1281
J,62,620,6202,62022,9,54,158,386,1282
J,62,620,6202,62023,9,54,158,386,1283
J,62,620,6202,62024,9,54,158,386,1284
J,62,620,6202,62029,9,54,158,386,1285
J,62,620,6209,62090,9,54,158,387,1286
J,63,631,6311,63111,9,55,159,388,1287
J,63,631,6311,63112,9,55,159,388,1288
J,63,631,6312,63121,9,55,159,389,1289
J,63,631,6312,63122,9,55,159,389,1290
J,63,639,6391,63911,9,55,160,390,1291
J,63,639,6391,63912,9,55,160,390,1292
J,63,639,6399,63990,9,55,160,391,1293
K,64,641,6411,64110,10,56,161,392,1294
K,64,641,6412,64121,10,56,161,393,1295
K,64,641,6412,64122,10,56,161,393,1296
K,64,641,6412,64123,10,56,161,393,1297
K,64,641,6413,64131,10,56,161,394,1298
K,64,641,6413,64132,10,56,161,394,1299
K,64,641,6414,64141,10,56,161,395,1300
K,64,641,6414,64142,10,56,161,395,1301
K,64,641,6414,64143,10,56,161,395,1302
K,64,641,6414,64144,10,56,161,395,1303
K,64,641,6414,64145,10,56,161,395,1304
K,64,641,6414,64146,10,56,161,395,1305
K,64,641,6414,64147,10,56,161,395,1306
K,64,641,6414,64148,10,56,161,395,1307
K,64,641,6415,64151,10,56,161,396,1308
K,64,641,6415,64152,10,56,161,396,1309
K,64,641,6419,64190,10,56,161,397,1310
K,64,642,6420,64200,10,56,162,398,1311
K,64,643,6430,64300,10,56,163,399,1312
K,64,644,6440,64400,10,56,164,400,1313
K,64,645,6450,64500,10,56,165,401,1314
K,64,649,6491,64911,10,56,166,402,1315
K,64,649,6491,64912,10,56,166,402,1316
K,64,649,6491,64913,10,56,166,402,1317
K,64,649,6492,64921,10,56,166,403,1318
K,64,649,6492,64922,10,56,166,403,1319
K,64,649,6492,64923,10,56,166,403,1320
K,64,649,6493,64931,10,56,166,404,1321
K,64,649,6493,64932,10,56,166,404,1322
K,64,649,6493,64933,10,56,166,404,1323
K,64,649,6494,64941,10,56,166,405,1324
K,64,649,6494,64942,10,56,166,405,1325
K,64,649,6494,64943,10,56,166,405,1326
K,64,649,6495,64951,10,56,166,406,1327
K,64,649,6495,64952,10,56,166,406,1328
K,64,649,6495,64953,10,56,166,406,1329
K,64,649,6499,64991,10,56,166,407,1330
K,64,649,6499,64992,10,56,166,407,1331
K,64,649,6499,64999,10,56,166,407,1332
K,65,651,6511,65111,10,57,167,408,1333
K,65,651,6511,65112,10,57,167,408,1334
K,65,651,6511,65113,10,57,167,408,1335
K,65,651,6512,65121,10,57,167,409,1336
K,65,651,6512,65122,10,57,167,409,1337
K,65,651,6512,65123,10,57,167,409,1338
K,65,651,6513,65131,10,57,167,410,1339
K,65,651,6513,65132,10,57,167,410,1340
K,65,651,6513,65133,10,57,167,410,1341
K,65,652,6521,65211,10,57,168,411,1342
K,65,652,6521,65212,10,57,168,411,1343
K,65,652,6521,65213,10,57,168,411,1344
K,65,652,6522,65221,10,57,168,412,1345
K,65,652,6522,65222,10,57,168,412,1346
K,65,653,6531,65311,10,57,169,413,1347
K,65,653,6531,65312,10,57,169,413,1348
K,65,653,6531,65313,10,57,169,413,1349
K,65,653,6532,65321,10,57,169,414,1350
K,65,653,6532,65322,10,57,169,414,1351
K,66,661,6611,66111,10,58,170,415,1352
K,66,661,6611,66112,10,58,170,415,1353
K,66,661,6611,66113,10,58,170,415,1354
K,66,661,6611,66114,10,58,170,415,1355
K,66,661,6611,66115,10,58,170,415,1356
K,66,661,6611,66116,10,58,170,415,1357
K,66,661,6611,66117,10,58,170,415,1358
K,66,661,6611,66118,10,58,170,415,1359
K,66,661,6611,66119,10,58,170,415,1360
K,66,661,6612,66121,10,58,170,416,1361
K,66,661,6612,66122,10,58,170,416,1362
K,66,661,6612,66123,10,58,170,416,1363
K,66,661,6612,66124,10,58,170,416,1364
K,66,661,6613,66131,10,58,170,417,1365
K,66,661,6613,66132,10,58,170,417,1366
K,66,661,6613,66139,10,58,170,417,1367
K,66,661,6614,66141,10,58,170,418,1368
K,66,661,6614,66142,10,58,170,418,1369
K,66,661,6614,66143,10,58,170,418,1370
K,66,661,6614,66144,10,58,170,418,1371
K,66,661,6614,66145,10,58,170,418,1372
K,66,661,6614,66146,10,58,170,418,1373
K,66,661,6614,66147,10,58,170,418,1374
K,66,661,6614,66149,10,58,170,418,1375
K,66,661,6615,66151,10,58,170,419,1376
K,66,661,6615,66152,10,58,170,419,1377
K,66,661,6615,66153,10,58,170,419,1378
K,66,661,6615,66154,10,58,170,419,1379
K,66,661,6615,66159,10,58,170,419,1380
K,66,661,6616,66160,10,58,170,420,1381
K,66,661,6617,66171,10,58,170,421,1382
K,66,661,6617,66172,10,58,170,421,1383
K,66,661,6617,66173,10,58,170,421,1384
K,66,661,6617,66174,10,58,170,421,1385
K,66,661,6617,66179,10,58,170,421,1386
K,66,661,6619,66191,10,58,170,422,1387
K,66,661,6619,66192,10,58,170,422,1388
K,66,661,6619,66193,10,58,170,422,1389
K,66,661,6619,66194,10,58,170,422,1390
K,66,661,6619,66195,10,58,170,422,1391
K,66,661,6619,66199,10,58,170,422,1392
K,66,662,6621,66211,10,58,171,423,1393
K,66,662,6621,66212,10,58,171,423,1394
K,66,662,6622,66221,10,58,171,424,1395
K,66,662,6622,66222,10,58,171,424,1396
K,66,662,6622,66223,10,58,171,424,1397
K,66,662,6622,66224,10,58,171,424,1398
K,66,662,6622,66225,10,58,171,424,1399
K,66,662,6622,66226,10,58,171,424,1400
K,66,662,6629,66291,10,58,171,425,1401
K,66,662,6629,66292,10,58,171,425,1402
K,66,662,6629,66299,10,58,171,425,1403
K,66,663,6631,66311,10,58,172,426,1404
K,66,663,6631,66312,10,58,172,426,1405
K,66,663,6632,66321,10,58,172,427,1406
K,66,663,6632,66322,10,58,172,427,1407
K,66,663,6639,66390,10,58,172,428,1408
K,66,664,6641,66411,10,58,173,429,1409
K,66,664,6641,66412,10,58,173,429,1410
K,66,664,6641,66413,10,58,173,429,1411
K,66,664,6642,66420,10,58,173,430,1412
L,68,681,6811,68111,11,59,174,431,1413
L,68,681,6811,68112,11,59,174,431,1414
L,68,681,6812,68120,11,59,174,432,1415
L,68,681,6813,68130,11,59,174,433,1416
L,68,682,6820,68200,11,59,175,434,1417
M,69,691,6910,69101,12,60,176,435,1418
M,69,691,6910,69102,12,60,176,435,1419
M,69,691,6910,69103,12,60,176,435,1420
M,69,691,6910,69104,12,60,176,435,1421
M,69,691,6910,69109,12,60,176,435,1422
M,69,692,6920,69201,12,60,177,436,1423
M,69,692,6920,69202,12,60,177,436,1424
M,70,701,7010,70100,12,61,178,437,1425
M,70,702,7020,70201,12,61,179,438,1426
M,70,702,7020,70202,12,61,179,438,1427
M,70,702,7020,70203,12,61,179,438,1428
M,70,702,7020,70204,12,61,179,438,1429
M,70,702,7020,70209,12,61,179,438,1430
M,71,711,7110,71101,12,62,180,439,1431
M,71,711,7110,71102,12,62,180,439,1432
M,71,712,7120,71201,12,62,181,440,1433
M,71,712,7120,71202,12,62,181,440,1434
M,71,712,7120,71203,12,62,181,440,1435
M,71,712,7120,71204,12,62,181,440,1436
M,71,712,7120,71205,12,62,181,440,1437
M,71,712,7120,71206,12,62,181,440,1438
M,71,712,7120,71207,12,62,181,440,1439
M,71,712,7120,71208,12,62,181,440,1440
M,71,712,7120,71209,12,62,181,440,1441
M,72,721,7210,72101,12,63,182,441,1442
M,72,721,7210,72102,12,63,182,441,1443
M,72,721,7210,72103,12,63,182,441,1444
M,72,721,7210,72104,12,63,182,441,1445
M,72,721,7210,72105,12,63,182,441,1446
M,72,721,7210,72106,12,63,182,441,1447
M,72,721,7210,72107,12,63,182,441,1448
M,72,721,7210,72109,12,63,182,441,1449
M,72,722,7220,72201,12,63,183,442,1450
M,72,722,7220,72202,12,63,183,442,1451
M,72,722,7220,72203,12,63,183,442,1452
M,72,722,7220,72204,12,63,183,442,1453
M,72,722,7220,72205,12,63,183,442,1454
M,72,722,7220,72206,12,63,183,442,1455
M,72,722,7220,72209,12,63,183,442,1456
M,73,731,7310,73100,12,64,184,443,1457
M,73,732,7320,73201,12,64,185,444,1458
M,73,732,7320,73202,12,64,185,444,1459
M,74,741,7411,74111,12,65,186,445,1460
M,74,741,7411,74112,12,65,186,445,1461
M,74,741,7411,74113,12,65,186,445,1462
M,74,741,7411,74114,12,65,186,445,1463
M,74,741,7411,74115,12,65,186,445,1464
M,74,741,7411,74116,12,65,186,445,1465
M,74,741,7411,74117,12,65,186,445,1466
M,74,741,7411,74118,12,65,186,445,1467
M,74,741,7411,74119,12,65,186,445,1468
M,74,741,7412,74120,12,65,186,446,1469
M,74,741,7413,74130,12,65,186,447,1470
M,74,741,7414,74141,12,65,186,448,1471
M,74,741,7414,74142,12,65,186,448,1472
M,74,741,7414,74149,12,65,186,448,1473
M,74,742,7420,74201,12,65,187,449,1474
M,74,742,7420,74202,12,65,187,449,1475
M,74,743,7431,74311,12,65,188,450,1476
M,74,743,7431,74312,12,65,188,450,1477
M,74,743,7432,74321,12,65,188,451,1478
M,74,743,7432,74322,12,65,188,451,1479
M,74,749,7490,74901,12,65,189,452,1480
M,74,749,7490,74902,12,65,189,452,1481
M,74,749,7490,74909,12,65,189,452,1482
M,75,750,7500,75000,12,66,190,453,1483
N,77,771,7710,77100,13,67,191,454,1484
N,77,772,7721,77210,13,67,192,455,1485
N,77,772,7722,77220,13,67,192,456,1486
N,77,772,7729,77291,13,67,192,457,1487
N,77,772,7729,77292,13,67,192,457,1488
N,77,772,7729,77293,13,67,192,457,1489
N,77,772,7729,77294,13,67,192,457,1490
N,77,772,7729,77295,13,67,192,457,1491
N,77,772,7729,77299,13,67,192,457,1492
N,77,773,7731,77311,13,67,193,458,1493
N,77,773,7731,77312,13,67,193,458,1494
N,77,773,7731,77313,13,67,193,458,1495
N,77,773,7731,77319,13,67,193,458,1496
N,77,773,7732,77321,13,67,193,459,1497
N,77,773,7732,77322,13,67,193,459,1498
N,77,773,7732,77323,13,67,193,459,1499
N,77,773,7732,77329,13,67,193,459,1500
N,77,773,7739,77391,13,67,193,460,1501
N,77,773,7739,77392,13,67,193,460,1502
N,77,773,7739,77393,13,67,193,460,1503
N,77,773,7739,77394,13,67,193,460,1504
N,77,773,7739,77395,13,67,193,460,1505
N,77,773,7739,77399,13,67,193,460,1506
N,77,774,7740,77400,13,67,194,461,1507
N,78,781,7810,78101,13,68,195,462,1508
N,78,781,7810,78102,13,68,195,462,1509
N,78,781,7810,78103,13,68,195,462,1510
N,78,781,7810,78104,13,68,195,462,1511
N,78,782,7820,78200,13,68,196,463,1512
N,78,783,7830,78300,13,68,197,464,1513
N,78,784,7841,78411,13,68,198,465,1514
N,78,784,7841,78412,13,68,198,465,1515
N,78,784,7841,78413,13,68,198,465,1516
N,78,784,7841,78414,13,68,198,465,1517
N,78,784,7841,78415,13,68,198,465,1518
N,78,784,7841,78416,13,68,198,465,1519
N,78,784,7841,78417,13,68,198,465,1520
N,78,784,7841,78419,13,68,198,465,1521
N,78,784,7842,78421,13,68,198,466,1522
N,78,784,7842,78422,13,68,198,466,1523
N,78,784,7842,78423,13,68,198,466,1524
N,78,784,7842,78424,13,68,198,466,1525
N,78,784,7842,78425,13,68,198,466,1526
N,78,784,7842,78426,13,68,198,466,1527
N,78,784,7842,78427,13,68,198,466,1528
N,78,784,7842,78429,13,68,198,466,1529
N,78,784,7843,78431,13,68,198,467,1530
N,78,784,7843,78432,13,68,198,467,1531
N,78,784,7843,78433,13,68,198,467,1532
N,78,784,7843,78434,13,68,198,467,1533
N,78,784,7843,78435,13,68,198,467,1534
N,78,784,7843,78436,13,68,198,467,1535
N,78,784,7843,78437,13,68,198,467,1536
N,78,784,7843,78439,13,68,198,467,1537
N,79,791,7911,79111,13,69,199,468,1538
N,79,791,7911,79112,13,69,199,468,1539
N,79,791,7911,79119,13,69,199,468,1540
N,79,791,7912,79121,13,69,199,469,1541
N,79,791,7912,79122,13,69,199,469,1542
N,79,791,7912,79129,13,69,199,469,1543
N,79,799,7991,79911,13,69,200,470,1544
N,79,799,7991,79912,13,69,200,470,1545
N,79,799,7992,79921,13,69,200,471,1546
N,79,799,7992,79922,13,69,200,471,1547
N,79,799,7999,79990,13,69,200,472,1548
N,80,801,8010,80100,13,70,201,473,1549
N,80,802,8020,80200,13,70,202,474,1550
N,80,803,8030,80300,13,70,203,475,1551
N,81,811,8110,81100,13,71,204,476,1552
N,81,812,8121,81210,13,71,205,477,1553
N,81,812,8129,81290,13,71,205,478,1554
N,81,813,8130,81300,13,71,206,479,1555
N,82,821,8211,82110,13,72,207,480,1556
N,82,821,8219,82190,13,72,207,481,1557
N,82,822,8220,82200,13,72,208,482,1558
N,82,823,8230,82301,13,72,209,483,1559
N,82,823,8230,82302,13,72,209,483,1560
N,82,829,8291,82911,13,72,210,484,1561
N,82,829,8291,82912,13,72,210,484,1562
N,82,829,8292,82920,13,72,210,485,1563
N,82,829,8299,82990,13,72,210,486,1564
O,84,841,8411,84111,14,73,211,487,1565
O,84,841,8411,84112,14,73,211,487,1566
O,84,841,8411,84113,14,73,211,487,1567
O,84,841,8411,84114,14,73,211,487,1568
O,84,841,8411,84115,14,73,211,487,1569
O,84,841,8411,84119,14,73,211,487,1570
O,84,841,8412,84121,14,73,211,488,1571
O,84,841,8412,84122,14,73,211,488,1572
O,84,841,8412,84123,14,73,211,488,1573
O,84,841,8412,84124,14,73,211,488,1574
O,84,841,8412,84125,14,73,211,488,1575
O,84,841,8412,84126,14,73,211,488,1576
O,84,841,8412,84127,14,73,211,488,1577
O,84,841,8412,84129,14,73,211,488,1578
O,84,841,8413,84131,14,73,211,489,1579
O,84,841,8413,84132,14,73,211,489,1580
O,84,841,8413,84133,14,73,211,489,1581
O,84,841,8413,84134,14,73,211,489,1582
O,84,841,8413,84135,14,73,211,489,1583
O,84,841,8413,84136,14,73,211,489,1584
O,84,841,8413,84137,14,73,211,489,1585
O,84,841,8413,84138,14,73,211,489,1586
O,84,841,8413,84139,14,73,211,489,1587
O,84,842,8421,84210,14,73,212,490,1588
O,84,842,8422,84221,14,73,212,491,1589
O,84,842,8422,84222,14,73,212,491,1590
O,84,842,8422,84223,14,73,212,491,1591
O,84,842,8422,84224,14,73,212,491,1592
O,84,842,8423,84231,14,73,212,492,1593
O,84,842,8423,84232,14,73,212,492,1594
O,84,842,8423,84233,14,73,212,492,1595
O,84,842,8423,84234,14,73,212,492,1596
O,84,843,8430,84300,14,73,213,493,1597
P,85,851,8511,85111,15,74,214,494,1598
P,85,851,8511,85112,15,74,214,494,1599
P,85,851,8512,85121,15,74,214,495,1600
P,85,851,8512,85122,15,74,214,495,1601
P,85,851,8513,85131,15,74,214,496,1602
P,85,851,8513,85132,15,74,214,496,1603
P,85,851,8513,85133,15,74,214,496,1604
P,85,851,8513,85134,15,74,214,496,1605
P,85,851,8513,85135,15,74,214,496,1606
P,85,851,8513,85139,15,74,214,496,1607
P,85,851,8514,85141,15,74,214,497,1608
P,85,851,8514,85142,15,74,214,497,1609
P,85,851,8514,85143,15,74,214,497,1610
P,85,851,8514,85144,15,74,214,497,1611
P,85,851,8515,85151,15,74,214,498,1612
P,85,851,8515,85152,15,74,214,498,1613
P,85,851,8515,85153,15,74,214,498,1614
P,85,851,8515,85154,15,74,214,498,1615
P,85,851,8515,85155,15,74,214,498,1616
P,85,851,8516,85161,15,74,214,499,1617
P,85,851,8516,85162,15,74,214,499,1618
P,85,851,8516,85163,15,74,214,499,1619
P,85,852,8521,85210,15,74,215,500,1620
P,85,852,8522,85220,15,74,215,501,1621
P,85,852,8523,85230,15,74,215,502,1622
P,85,852,8524,85240,15,74,215,503,1623
P,85,852,8525,85251,15,74,215,504,1624
P,85,852,8525,85252,15,74,215,504,1625
P,85,852,8526,85261,15,74,215,505,1626
P,85,852,8526,85262,15,74,215,505,1627
P,85,852,8526,85263,15,74,215,505,1628
P,85,852,8527,85270,15,74,215,506,1629
P,85,853,8531,85311,15,74,216,507,1630
P,85,853,8531,85312,15,74,216,507,1631
P,85,853,8532,85321,15,74,216,508,1632
P,85,853,8532,85322,15,74,216,508,1633
P,85,853,8533,85331,15,74,216,509,1634
P,85,853,8533,85332,15,74,216,509,1635
P,85,853,8534,85340,15,74,216,510,1636
P,85,854,8541,85410,15,74,217,511,1637
P,85,854,8542,85420,15,74,217,512,1638
P,85,854,8543,85430,15,74,217,513,1639
P,85,854,8544,85440,15,74,217,514,1640
P,85,854,8545,85451,15,74,217,515,1641
P,85,854,8545,85452,15,74,217,515,1642
P,85,854,8545,85459,15,74,217,515,1643
P,85,854,8549,85491,15,74,217,516,1644
P,85,854,8549,85492,15,74,217,516,1645
P,85,854,8549,85493,15,74,217,516,1646
P,85,854,8549,85494,15,74,217,516,1647
P,85,854,8549,85495,15,74,217,516,1648
P,85,854,8549,85496,15,74,217,516,1649
P,85,854,8549,85497,15,74,217,516,1650
P,85,854,8549,85498,15,74,217,516,1651
P,85,854,8549,85499,15,74,217,516,1652
P,85,855,8550,85500,15,74,218,517,1653
Q,86,861,8610,86101,16,75,219,518,1654
Q,86,861,8610,86102,16,75,219,518,1655
Q,86,861,8610,86103,16,75,219,518,1656
Q,86,861,8610,86104,16,75,219,518,1657
Q,86,861,8610,86105,16,75,219,518,1658
Q,86,861,8610,86109,16,75,219,518,1659
Q,86,862,8620,86201,16,75,220,519,1660
Q,86,862,8620,86202,16,75,220,519,1661
Q,86,862,8620,86203,16,75,220,519,1662
Q,86,869,8690,86901,16,75,221,520,1663
Q,86,869,8690,86902,16,75,221,520,1664
Q,86,869,8690,86903,16,75,221,520,1665
Q,86,869,8690,86904,16,75,221,520,1666
Q,87,871,8710,87100,16,76,222,521,1667
Q,87,872,8720,87201,16,76,223,522,1668
Q,87,872,8720,87202,16,76,223,522,1669
Q,87,872,8720,87203,16,76,223,522,1670
Q,87,873,8730,87301,16,76,224,523,1671
Q,87,873,8730,87302,16,76,224,523,1672
Q,87,873,8730,87303,16,76,224,523,1673
Q,87,873,8730,87304,16,76,224,523,1674
Q,87,873,8730,87305,16,76,224,523,1675
Q,87,879,8790,87901,16,76,225,524,1676
Q,87,879,8790,87902,16,76,225,524,1677
Q,87,879,8790,87903,16,76,225,524,1678
Q,87,879,8790,87904,16,76,225,524,1679
Q,87,879,8790,87905,16,76,225,524,1680
Q,87,879,8790,87906,16,76,225,524,1681
Q,87,879,8790,87907,16,76,225,524,1682
Q,87,879,8790,87909,16,76,225,524,1683
Q,88,881,8810,88101,16,77,226,525,1684
Q,88,881,8810,88102,16,77,226,525,1685
Q,88,889,8891,88911,16,77,227,526,1686
Q,88,889,8891,88919,16,77,227,526,1687
Q,88,889,8899,88991,16,77,227,527,1688
Q,88,889,8899,88992,16,77,227,527,1689
R,90,900,9001,90011,17,78,228,528,1690
R,90,900,9001,90012,17,78,228,528,1691
R,90,900,9002,90021,17,78,228,529,1692
R,90,900,9002,90022,17,78,228,529,1693
R,90,900,9002,90023,17,78,228,529,1694
R,90,900,9002,90024,17,78,228,529,1695
R,90,900,9002,90025,17,78,228,529,1696
R,90,900,9002,90029,17,78,228,529,1697
R,90,900,9003,90030,17,78,228,530,1698
R,90,900,9004,90040,17,78,228,531,1699
R,90,900,9009,90090,17,78,228,532,1700
R,91,910,9101,91011,17,79,229,533,1701
R,91,910,9101,91012,17,79,229,533,1702
R,91,910,9102,91021,17,79,229,534,1703
R,91,910,9102,91022,17,79,229,534,1704
R,91,910,9102,91023,17,79,229,534,1705
R,91,910,9102,91024,17,79,229,534,1706
R,91,910,9102,91025,17,79,229,534,1707
R,91,910,9102,91029,17,79,229,534,1708
R,91,910,9103,91031,17,79,229,535,1709
R,91,910,9103,91032,17,79,229,535,1710
R,91,910,9103,91033,17,79,229,535,1711
R,91,910,9103,91034,17,79,229,535,1712
R,91,910,9103,91035,17,79,229,535,1713
R,91,910,9103,91036,17,79,229,535,1714
R,91,910,9103,91037,17,79,229,535,1715
R,91,910,9103,91038,17,79,229,535,1716
R,91,910,9103,91039,17,79,229,535,1717
R,92,920,9200,92000,17,80,230,536,1718
R,93,931,9311,93111,17,81,231,537,1719
R,93,931,9311,93112,17,81,231,537,1720
R,93,931,9311,93113,17,81,231,537,1721
R,93,931,9311,93114,17,81,231,537,1722
R,93,931,9311,93115,17,81,231,537,1723
R,93,931,9311,93116,17,81,231,537,1724
R,93,931,9311,93119,17,81,231,537,1725
R,93,931,9312,93121,17,81,231,538,1726
R,93,931,9312,93122,17,81,231,538,1727
R,93,931,9312,93123,17,81,231,538,1728
R,93,931,9312,93124,17,81,231,538,1729
R,93,931,9312,93125,17,81,231,538,1730
R,93,931,9312,93126,17,81,231,538,1731
R,93,931,9312,93127,17,81,231,538,1732
R,93,931,9312,93128,17,81,231,538,1733
R,93,931,9312,93129,17,81,231,538,1734
R,93,931,9319,93191,17,81,231,539,1735
R,93,931,9319,93192,17,81,231,539,1736
R,93,931,9319,93193,17,81,231,539,1737
R,93,931,9319,93194,17,81,231,539,1738
R,93,931,9319,93195,17,81,231,539,1739
R,93,931,9319,93199,17,81,231,539,1740
R,93,932,9321,93211,17,81,232,540,1741
R,93,932,9321,93219,17,81,232,540,1742
R,93,932,9322,93221,17,81,232,541,1743
R,93,932,9322,93222,17,81,232,541,1744
R,93,932,9322,93223,17,81,232,541,1745
R,93,932,9322,93224,17,81,232,541,1746
R,93,932,9322,93229,17,81,232,541,1747
R,93,932,9323,93231,17,81,232,542,1748
R,93,932,9323,93239,17,81,232,542,1749
R,93,932,9324,93241,17,81,232,543,1750
R,93,932,9324,93242,17,81,232,543,1751
R,93,932,9324,93243,17,81,232,543,1752
R,93,932,9324,93244,17,81,232,543,1753
R,93,932,9324,93245,17,81,232,543,1754
R,93,932,9324,93246,17,81,232,543,1755
R,93,932,9324,93249,17,81,232,543,1756
R,93,932,9329,93291,17,81,232,544,1757
R,93,932,9329,93292,17,81,232,544,1758
R,93,932,9329,93293,17,81,232,544,1759
R,93,932,9329,93294,17,81,232,544,1760
R,93,932,9329,93299,17,81,232,544,1761
S,94,941,9411,94110,18,82,233,545,1762
S,94,941,9412,94121,18,82,233,546,1763
S,94,941,9412,94122,18,82,233,546,1764
S,94,942,9420,94200,18,82,234,547,1765
S,94,949,9491,94910,18,82,235,548,1766
S,94,949,9492,94920,18,82,235,549,1767
S,94,949,9499,94990,18,82,235,550,1768
S,95,951,9511,95110,18,83,236,551,1769
S,95,951,9512,95120,18,83,236,552,1770
S,95,952,9521,95210,18,83,237,553,1771
S,95,952,9522,95220,18,83,237,554,1772
S,95,952,9523,95230,18,83,237,555,1773
S,95,952,9524,95240,18,83,237,556,1774
S,95,952,9529,95291,18,83,237,557,1775
S,95,952,9529,95299,18,83,237,557,1776
S,96,961,9611,96111,18,84,238,558,1777
S,96,961,9611,96112,18,84,238,558,1778
S,96,961,9612,96121,18,84,238,559,1779
S,96,961,9612,96122,18,84,238,559,1780
S,96,961,9612,96129,18,84,238,559,1781
S,96,962,9620,96200,18,84,239,560,1782
S,96,969,9691,96910,18,84,240,561,1783
S,96,969,9699,96990,18,84,240,562,1784
T,97,970,9700,97000,19,85,241,563,1785
T,98,981,9810,98100,19,86,242,564,1786
T,98,982,9820,98200,19,86,243,565,1787
U,99,990,9900,99000,20,87,244,566,1788
